-2,-4,e5HMDd/e/r1T91hQBi7vWzULbzU=,HVhW2xd13wWVHbw/Rs7/yLRME58=
-1,-4,e5HMDd/e/r1T91hQBi7vWzULbzU=,HVhW2xd13wWVHbw/Rs7/yLRME58=
-4,-2,e5HMDd/e/r1T91hQBi7vWzULbzU=,q46pWzVqcTAxBQi0An/uAdwxLnM=
-4,-1,e5HMDd/e/r1T91hQBi7vWzULbzU=,q46pWzVqcTAxBQi0An/uAdwxLnM=
-1,-3,tqobGvRpmsWfyBu9HEmnxXoCu9o=,HVhW2xd13wWVHbw/Rs7/yLRME58=
-2,-3,tqobGvRpmsWfyBu9HEmnxXoCu9o=,HVhW2xd13wWVHbw/Rs7/yLRME58=
-3,-2,tqobGvRpmsWfyBu9HEmnxXoCu9o=,q46pWzVqcTAxBQi0An/uAdwxLnM=
-2,-1,tqobGvRpmsWfyBu9HEmnxXoCu9o=,33TvP+blw/K6v3IVlfNK11kSV7Q=
-3,-1,tqobGvRpmsWfyBu9HEmnxXoCu9o=,q46pWzVqcTAxBQi0An/uAdwxLnM=
-2,-2,tqobGvRpmsWfyBu9HEmnxXoCu9o=,33TvP+blw/K6v3IVlfNK11kSV7Q=
-1,-2,tqobGvRpmsWfyBu9HEmnxXoCu9o=,33TvP+blw/K6v3IVlfNK11kSV7Q=
-1,-1,tqobGvRpmsWfyBu9HEmnxXoCu9o=,33TvP+blw/K6v3IVlfNK11kSV7Q=
